0x0258ca807b6473358ba5fcc9410fe1aa5b777ac2,2
0x050d0ff553747cf65c606524777afff62b250e71,2
0x08614c9b771d5e7bc44226617bb6b637e546811d,3
0x08cd03e4fda1a599ec6da5c3e6dd989cfc5f5d39,1
0x0d99e06ac0067853dd10c569e00e922d6c58cc7d,2
0x1084b2f62d932053df16b1dac9b9ec396e5ebccb,1
0x1370d0d188dc1b59e894a6333c0fc2e52081fce3,3
0x23db8ddb062a0984935cf17247e992089e115b3d,2
0x2514bd6f73664e4ef202e66186345a138be957ec,1
0x265c81262fb186f2471ca18b85866edb8d3fe7da,2
0x2cdbfcba1f07c448395cbfd7fe0e6d564024d753,1
0x2ff6c25e751812e9445948f7b376c7691ed0aea9,3
0x333fd9bb3f66c4238a7a864f8bc4180fc2f2e638,2
0x34357dc6be6a22ae49474596eca31ce56284266f,1
0x36cd5fc01c2e86a02e9d814ca22bed784edd9e7b,2
0x3ac191700ab6cef7fa14cecd3724c3145a226621,2
0x3dafdab491d60443e91ab081dee4ed8fe782463f,1
0x3dcc72e2c811bf78c76f2ddc77ccf8b928bc7e51,2
0x42afead40916fe8a7ca80ffbf41f070063c0854b,1
0x43ce2b9a3a7f4c0d60e1639ba7ca679aa079358e,1
0x476994fe455ef2af214d068f78817a76c69a0288,2
0x4903377090c364bfd877df604e0d09e436267f31,1
0x51cbb268d74204ff2c62d1a5c7961f9bc2b7b3fd,1
0x53c4667e080c11cd83b2880b3cbbdcea56320840,1
0x581b3dd5220e42b18301f73d04f393b469b9d551,1
0x60e67d916eed437d5939e0f962ee7f12a2257494,1
0x620dd3ccd9231cd895836e01dd6e99dfd85a8652,2
0x6317e1f1d127c2163670a1006c2cd203e2cf77d0,2
0x63a9235e8d2f043edcbcff2ea1e7bb88a17dbf2b,1
0x68f5db96a72bc25276613027b25112d2f49456b4,1
0x75601d31c7203ad90d9a25ecd6ad38bab6f69bf6,1
0x7acd33ac0bb99546ac861bff0f89e3602d81870d,1
0x7e06447445aeab6ece095481a722cd8f5a0c3c4c,2
0x852dfa09e986bdc6a96ce47b024caad1daedc5e0,1
0x86495928a671f5aeccde40d31c1efeaa388ed62c,2
0x86ea7258705cb00a5662890655467ab3f2fed323,1
0x89cf8f24ae69f7103a181e74c1770c96e51bd978,2
0x8c00605886e9edd6304fe99f4c265425d4f333af,2
0x8d1dd9af5d4588b83b7a8997a5852f580861c23f,2
0x931272762e7eeff1c559e0b8b480dfd5d9c820a1,2
0x9649a28f7fcf5b672dcc780d84a09c52378969d6,1
0x972a2b2651c811834cd1d19a9506d876b87d4120,8
0x99cf4f2a51021859f7dadb1c026c41e2ce91b9f9,1
0xaab277f9b256306a3fb738c3de87337a9f6f2c76,2
0xaf1678d515f1fc473d87c3a48eb9458fb31421f2,1
0xb39ec4843d0f6f67f79c7945779722f9698fe8f1,2
0xb9373cc1dac6860861dd14a1d01aecdee719ad2d,2
0xb94171240f688394c529367c91f915e52ed8b3bd,2
0xc024d1517324288550c4a15309ad33983dd50273,1
0xc1568f920ca1a95bf9f13b8bc82f0fd93a89b9ba,1
0xc753dc724315d780c21092839474035b9cd28a54,2
0xd036a6ca5a77923d14dd23b345cb0bb16980763a,2
0xded3ac663b2352714d3b7dd7efc69d4089fc6f62,1
0xed8e848fdac3658342ef88147684c3e0cbc8ae00,1
0xf2d8dd7387978555315ec21d55834ea04f4aab5b,1
0xf5b4da097652883709597cc695edf79a679bff0f,1
0xfc30085ad17d7340dd73bacefb8d9f8c6b0f307f,2
0x71a094175ba3f5d638510e2d6fccaaa9f30b18f0,2
0x9cebd8ab58e1e26b4d6a686567af9f2781f9e2d2,2
0xd440e6b7b5aa7de12830ec3f168009490b61d4f2,1
0x5cf4f09c5be610eb17dee8c70ca3f69d13cfec83,1
0x4e1d6dadc0e82c9c3ce182ea1643aba3feb3cd1e,1
0xe9b31adbcecc7f0dfa0007a44025177e305471fe,1
0x894d0a8e4a9fb586b7fa348d0b90f33f5325ee8a,1
0xbb7feca080bcbd0b645a8587fd12938c581c2aec,2
0xf49fd6f547a70bf11449a90667fa6a76405046b0,1
0x8f5530cb97407e62615c5514f7be95536ad4dc54,1
0x2b5826aa1f6f1e6586e36f935ffa6a6a8a3b2aa5,1
0x9f69744f3151180f8d1c26cf689d7dad97c35554,1
0x5b4f4bdab862a0a45d504cc8c476895e07c0924b,1
0x9f080f67569830f19dcc0056ad3b5a4d57f431f6,2
0x5b26c7d80b3d349e6c58934da503dad6dab78db8,1
0x574d176c26cbeec8e3f07930d617e520e2fd3e1d,1
0x02f34557a9d8a3ca751e59fd50d4d066c7a85f0a,1
0x09658b611ac76d171e7a7c2c79bbbe21cf7e68c1,2
0xff886bfb1afdf4b3a86581cf45fc4288fe435425,1
0x6ed2998adda5e9b288a849bf78c361919ee26edb,1
0xc522364793042cb177772a629ccbc2dc200d17e2,1
0x8e87de022825fdd85dae657998fe99d2a4e613c5,1
0x5514c8c09ed6c18f1cd84a711c0fb679996d4133,1
0x378667ecefdda3db0ef7e7fbb353992bfc7ac366,1
0x40eb756e4891bf27c73af528a1dbe5f38b9f45a5,1
0x7387f5de0d5cce2743c24217ca312a2a6e414e48,1
0xbfcb8ae9bd6ba3e446aad7b8c04bc1b9fd5655c8,1
0x8551f4d9b49d774c453a94c56195b72ec9769088,1
0xc936d01bbd442b1a7ea5a7d31e57083529f5df00,1
0x037450126d4f410f5fed3405e811b0e84c0ab526,1
0x3a3321e05738c00fb677d709e9186474a5428a83,1
0xe6874866201faa06bfa59f6443f4ca3fa856c388,1
0x648e1475e3dfa199a1a53d6fa90cfaebb54652b4,2
0x404f8ca5ed746d4d5785425b82a7ee4ecaf36b50,1
0x158c95c6892ef8224a1f4e9da04ee61ab457d2cc,1
0x6275bfe4b130c6be2a870d37297f074a3066c9ad,1
0x24df9f5a2624db695ee695399fd43deb62c475bd,2
0xff222b026e0853e0c3d44e4192a5ce0d3e46b4d7,2
0xac7128bf04c5744607294b64b6975bdd3bff9fa0,2
0x7e2e1879e832752b323ddb74217489375e335c63,1
0xb5c8590c23c4ddc1e0d163d6980efc170a52d098,1
0x34ef79bc4347d2590430ca4332aa5d27e78da151,1
0x58e45d3c2e9630a036df200beb068b73154332d2,1
0xd6d61a26cbdc1d8b9f04147e8d17c4f8fc88a76a,1
0xa9b5bcaaae1024d0dcf76988bc5de779a864f3c5,1
0x834f9932591174326728d5e98dc6fe9207503486,2
0x65644bbd15f89566d21a532e4b18a8c1ce8ba986,1
0x13d677be7293e195a70bb4265ebfaeac997dc30f,1
0x5b3e9066c489f497eefdc056b7921ae21863280c,2
0x57448d98c3a45ee7551225f3bd20b036c6dbb727,1
0xff55d51f294cb5b2f3a0438d0de6aee29000f285,1
0xd87d47b3c1beff62343bec54a740157f4e13a618,1
0x93b2e7d82994a31a3619b2509ea1766cc5f2e6c2,2
0x7ae7be7ecdff12763d8ebb6692b8e2d91e2bfc36,1
0x1df2bd87c01af90b57e6f35f27ea3941d33248c0,1
0x2496d4c3aad60cf74997622f522e6945c67983e9,1
0xc37e04a3bc7f1989bb58a428d1c8f0932d0b423b,1
0x52c1a0fac519f6c42204467a80f4ea2fc44a09fd,1
0xad52c21f31647752bb6738ab58be01df855c494a,1
0x226b7ed8e2dac7f7c529147833a8eff769fdf232,1
0x24ddf4ba2a579e5422c260870bbba6649201820a,1
0x566651f673ff7265cdfc84b3cdacb2bb0bfdd4c2,1
0x0a3dff6b6786e25d08168fdba2c41b550014219d,1
0x2d4a249afc153512ee0c0b3c9e8007848ab7b4fb,1
0x2467b16ca74ca896542cfb2946b1fdd6105305c6,1
0xa34228c137fefb46d364ae9a079e4a53036fb2b8,1
0xa7c793c7a870896ba243b94264c4c83555b99fed,1
0x5e8cce396d6ae4c05c88399bdeb3dbcb9b32a345,2
0xb626688fcc5dd62ae34e3b0622eb9cbfb464c373,1
0xee1c1f7a6c916b9d8e66f2bbf332c76dfc6cf6d1,1
0x081b9755dd1eab1bb0c3dba837a5a98129d7b473,1
0x551c420be9ed5575b3ba014d4997193eb027bcbc,1
0xce325a6fe7b6cb6a5cedc0d83564c03713518d9b,2
0xe71e91a7a5c9adebe7ef5a0d144a47e8d32949b1,1
0x8fd154e2a19883f5f9b94cde4d1180921a0f7ad9,2
0x285c9f1828675c519d1498e1b852edff665b5313,2
0xc1e7ca17274c36a3358460f93ce30200916688b6,1
0xe251889e59cdfebff2ceca5445aea1e778513cd6,1
0xb55c11497a7df8e86e6b3b0da4b69a915899110a,1
0xb7439cb0fa6ad3255a6b67309be040db2efceaca,1
0xf4ce71d465dc786072592839fa1226f5aafbc4ac,3
0xe18c96e166b4cbbbbd990b665ac4ace565b5e4d6,1
0xd96e5b72c0eb1d1b33ae2a995f6fbd877b15c5ce,1
0xc9cdc3ecd4dcb75f135c5a8d9343e08352830b6b,2
0xe344e87cc204658f9a680503e7efac4e3bb6a2b3,1
0x2619cf65a898c917035b5afe23d6f03662636bfc,1
0x1a40748fd16d24f703ab9c8ea10bacebb5160aa9,2
0x679e8c61d185cca47cf3f396dbcb8afbaba1f6aa,2
0x2ee0ef91fb186e50146ca422d08427d24242cef3,1
0x31de9643218bb66e91af447c3cc4883f4799d82f,1
0x5042a8d6c952a51702691f96fff85f73c8d1192c,1
0x1273ccc50dadf43a59f9a9639e1f3c70ebba5baa,1
0xb720aafea154bcbf69543047f305abbc7a096347,1
0x5e1ac4ed0c0b42207910b9c2a4fcda10c99fbdcd,1
0xa36686c1dc37d7a4191bfb36e4c7fd40a00dca89,1
0x5ac6f09664b0cf3930ccbd9690ffc2a61c8e231e,2
0xa72ff28afc26f57188ec16e12d7b80b1d46c188d,1
0xd3c591ebb8a06f10635f9ea7417d46992fd3fac4,2
0xb19f09feacb106bf10cfb20806fddc5e7410cace,1
0x1d9809d38acfeeda9a2fccc41b1fb3f7030e1740,1
0x7a3bcbc0dd75744d0a54ef717c136790f044f035,1
0xcac24fdbd7950c2ac6d0e5be681f46330e1c55d0,1
0x773e1fb3ab648cd7244d980b2de6a5c143940e6e,1
0x1f0b4a37dd271b43055c867c473bcc12d504c162,1
0x83dd82dd9bb54c5a53e11fa84e00daf029a120f3,2
0x45bbb7937d0a9785b5e14732571c42789bc34d8a,1
0x9cbff77088d31e24d5fd49ab144629ed5eb02760,1
0xe2d3d9899123535a7c21b334d1e09121b93350ce,1
0xbde638ebadd0e94508c41c9ce867918a2c2dea64,2
0x0d289bebc2b81e587cd6e91456087d5addc70e67,1
0x1fe308a735a5043c7ab981ee41446bbef9a1eec3,1
0x4ea15d283610ab0f44281c93163a8407591ae7ef,2
0xa2347f144fd662dd2f958baa2daa93f5db7a03db,1
0xecf64992b4cb432c1d9784f269a617821c6e4099,1
0x177eda116ca40b64665df94c84b8b1e1e8b8da71,1
0xb194567995ef0130d369d707b401674a4a25a436,1
0x1dd2d7f9ae37343caa0d6918ec828c2d6cc585a6,1
0xd9deca976004138aaa5e7eb64e67842fccb643d5,1
0x74e225269effacee134aadb51aa135ad066f55b8,1
0x1b462efcaf221b85049fe96e35727ef2c024ef21,1
0x8b4a6ebbce4152f117f9b87f6fdcb27ca59602f6,1
0xad68465d3de16c781488ea146b36319abc325148,1
0xefe5be679fbf59ba232d00635e00e77609d9d250,1
0xbe985a5250ef30fd54529e4ecd5eecdaa554784e,1
0xc834d393fe477e258046f1c056c58db99c13d227,1
0x6016e8c60cb3c4395cf2d8b214ea9679555ef278,1
0x2009160b2846ca5ed2b12fe6645698c2a16aa04a,1
0x9365f1087cb79e0749acb9fcb84a497a26897e40,1
0xfcc1b071ac4dcc759ff422550d8e75d3918e66f0,1
0xbdc05d2b6faadcff1b54a7e09f1599a2d963f579,1
0x8d03dd06c764a47daae6f0b63986b8e43e615e49,1
0x7e84d97333d816bc17766190ec87efe9a170987c,1
0x46dba5e6ae8e1469af506e3d6c0afde84da20776,1
0xc8549750bd27ff73940eb3f53e506cb282af2b15,2
0x87ba3c38282409e6d13156303c43dd73b264010b,1
0x5a565d489382172b401575f9ee481b00ccf5e82f,1
0xc2e0ef8a3f0177537b4b41c07acbd9c2259271dd,1
0x20190159c0c955db0694ab359a052350e0810c72,1
0x80ae2cb4091c67b0ca6e8deb3d072fd09805240e,1
0xbf551e734dd6d6367f571a58178ab48c6a8ff3a6,1
0x3cce50ee55fa3bba9f6bf6f08bdeb0b70e52b50e,1
0x2f8e2e671e8b2705058cf13c0b5b5650104e70b6,1
0x437ba02c904e3d413bb54cd5b127934483cdfb22,1
0xb278ada59e7af95a0c3de7699d8946b853f1e38a,1
0xaded9b79e437c0a8305ee5c58900fbcec2a53b72,2
0xebec6485fc3e889aec6e6e92d080620927b4bae2,2
0xe653417039a01373b2677986ae105cb88f003c03,1
0x3cc0d31c2b53ecd08c3dc7726523a43ad31d80dc,1
0x7defcbccf3c4fd84e23d19cde77330d3eb13e6a2,1
0xb9a6a398bff990a6d2919131844354b645088a31,1
0xfd3a2baacf0566957dd8509c2f7347707f7c22b1,1
0xcc964ffcb3c500ac49cfe46434df81f05bc5b780,1
0x769ba16f31a73b635e75c17fccc3db4feb2521ab,2
0x84802dfe982b842ef3169052b59a155960882c5d,1
0xe08cb1774c5e7cf4d10808992c6cb739ed640baa,1
0x3e64e0b69eb67e9afd51e8b37f4bdad2e3e2462b,1
0x154b536392fbaa5b82035d82a02483316f04b8d3,1
0x6a4bd8e68d568dbdf883a8f1a48863108a3e4964,1
0xf01a332c0da76c037755606b4c6d931aebb6573b,1
0x4ad88383596525bbcd9810c3d0708b406c00a9ed,1
0xf47f356260d5e413fdda9aba4406337b53e7c649,1
0xbd6374eac01a26d103025936556433ab80fe9df4,1
0xca44a6319b4698f25e6d067e8bcde5a3eec20451,1
0xd39747d9e1732136b0fc23da245a067f0de5f059,1
0x2115180d4b3416679baf296def4f300faab2b5dd,2
0x2b93b35918786513a71e81b83c9bfcfc602f3e82,1
0xe91384bd77e3bb6261747bc918b92d3123ef28fe,1
0x41dc3eb4e53c52e34e4f70644767b5c54bdbcbd8,1
0x72c6c6310535edbd273957d476c4c4f721b9226a,1
0x5417b1a162a6ccc123c086cc85294a16cade1c3f,1
0xd0765882d15dbb3d88d3f2a903d6ae3b881d5059,1
0x3fdc7e8732530b89f992173fb7c23de9ffcc0ad2,1
0x506a2e7cacee565edc04fa8a340f717aa4ff28a3,1
0x55e29dd6269522b89aa061617515a6e211f2e71d,1
0xcac37e9f184e294c4d845d337f4882bf32e0756a,1
0xcc6d879b631d223126922319d95be512b3fbd68e,1
0x3d97ad12d40ea711d88b53680b3ae19aa5ec870d,2
0xcdf0437d2dde9307204f330dc6debd2d29cc9d11,1
0x3bc80b523563ddd78b1124efd9ddbc0296d23dba,2
0x51f51d60a96263ab6afb2278e830cbe4b183e84b,1
0x35ca3d52aaf40a77d451c55f373d7b900254eaaa,1
0x10af25a866d52c52e0b833948db4afba81a469b6,1
0x13aa7ea5dc6280f6fa59319f3308c42e1115f31a,1
0x1e9c5b07dea029d5731a258ccda6a48a2bf6dc28,1
0xa995884b0b8d8dee294b896a89d056b9ff769948,3
0x88e6e49314617f0e37c46d4d1a48c4b4f79fbb3f,1
0xce31e8ee0ee1616fd2a0a603f6d2cec55c912b18,1
0x4d73c585ccfd760c9d9aefd60b770d83428d217f,1
0xb554e99589fd283d3fe39e94c9bc85da53bb942d,3
0x8bd30102da6448d9e5f8a18de28b168e8d768c58,1
0x8867188ebe5bbfbd5abdd06cd551de7b1abdcb3f,1
0x94bd0e8823017ae61e559956dd460b3188971486,3
0xe6522aa1ced55a19a88c227297f911dd4a7b6295,1
0xa8a350d56c6f59391bd1eea15a10bff4d30470c1,1
0x3c94e203112d484b298e34f28a3e8ec499eaaa45,1
0x323d3390e0e764d949fc64a59bcf395366b8dc54,1
0xacd09788a0622e1b3c3f57f4391beb25c30a6110,2
0x9bee3465119d4091421eefeedc66742dede98c1c,1
0xc8ef352544a66572958ccdef831e98a1218caf79,1
0xb694507099774aa65497bd7e7dd3794ee32db100,1
0x4f66bb3022b23c8b7a1b5e08d576d11f7b0e75d0,1
0x8dac72663fa57a5039cfdbd2fcc88ced9a490ee1,1
0x2540b93287ea012f26897f07051242cb8c7e2318,1
0x324bfe65bc8c50c9dc78db06163dce22e26e5dfb,1
0x6991581435e1341de17b52889bc5929f7d02fad1,2
0xec6e41e4088688b2bd5265624f4eec4af356a66c,1
0xa410c8f6aa5e1bb628bfa8d67006c164dd258444,1
0x7ec578532707950ff2d3352962f6ffbf8368763b,1
0x6d85cb39201b6adf262528a38cd4c173cdb1a800,1
0xf723720fd50a134528d4a6f071268ff7ff167d51,1
0x32fe9ae3e7eab817b26d13e131b91ebfb514a9cc,1
0x3d12f33ecfc839222fcb3fe23e146908f05eb56f,1
0x89a71403c34f3e08c7762b09c13feda83bf03ee5,1
0x8fe4a1181d8cef224f5fd43714b1a5a5a8de4fee,2
0x8da9f76c7d39c2d66411c03db4bed5917a7b934a,1
0x870cfbc883c9e59bed82d73157be071c7015d753,1
0x88bf699437ed7b830faa95ffe5222360b6c07ecd,1
0x7d08f6bf6174b09900f6b49930962c870257c3d6,1
0xe3ec46dbc1affa657ecbff4d07009eb8ebdd4599,2
0x69d78ace0665e590fb1aae2600a479595c5858c6,1
0x9fbe1e91c77f1322935da8b3c71446a0210ac000,1
0x2d220992be53c0e205202abd193c24da15e5b3c2,1
0x7713aab5aef6067b4cb477fc246dafaba8d6ca9a,1
0x00ba5024dc62a269c23d722e38cd2644425797c0,1
0x6d5728708c401b102fb331a6492b2e8effc0f34c,1
0x52a8ba34bfb98679a3a965c04214a4c57d69897b,1
0x8177598e08ee8199c160a48c7a0af31ab54bb59f,1
0x744c8250a0ca3870dadf41d64b2445344841ea01,1
0x88dcb0b7b1828d264fc15bdefc9057d40f69f3ef,1
0x280bc897fbfc0f296203844a5a0b51ce6ff79cc0,3
0x57a2c8cc859a8b0a66c4414036f907cd506c2400,1
0xb9b05fe6585ed123910cd3cfa11bbb90941f5f42,2
0x80aaaa3510315a9e31c3ac5a2127c3f4f68038ba,1
0xf4cd68528d6ca1ab8ce565fddd7d2a4ce8c4db17,1
0x7d4d01bd310a4d7e4f9d4d0a16c1156f809887f9,1
0x1fac12dbc20dcd3583694ceda95eecfe72165431,1
0xb01aa10b1c92786765a8a156dbecd81768d8bf7a,1
0xa51cd2802619a7524ce6f6dca76b7987c25e2c2e,1
0xadfb2939bb0ae00ee444a53cb61bc54107c68e4c,1
0xa24ec049c9598daecaa03074e788a2911e00ec54,1
0x5af5b3f842fbda3783c3fced36ae88e8a893848a,1
0x9451b359e89f3ad65c52c575ac4741b4f6a729a6,1
0xa175b25ab390b3df7d305149dff9c2fbd89eeee0,5
0x3ca808580fe2c8f761e06dc80e2d330d43b30996,1
0xeb7354bc0e727fc5edd2b3daf2bd380ba2b82c75,2
0x1dc6c3d774329121465488c6d00bb82f689d71a7,1
0xc16ed2ef82e9adaca5b25332db4e9b32fb50220b,1
0x158f4389c0932e5332d0ae5552d4292f3c1d7b20,1
0xbb5f63c895be46565a00a25c3a08aab570b742f2,1
0x08e246133eaed4b93beadc8201b969a0245c8c5e,1
0x05f511de9fec080cfb4a09f0eb2a029be620e307,1
0xa657a2fbdcc49333937888034361dcd8cc47094f,1
0x632a53662b24307b3ce19b4e9c33cffebadd3c7d,1
0x3fd6586abf5661f456f8b7582a7011933386a205,1
0xde14e18d3a0e796878de4f2bf0e0b2870395843a,1
0x86fa51bb6413283021cf2bac8a3dd040909a34e7,1
0x1c0a945c65c5290aa92af0af640bc6cd3b574e5d,1
0x21a32e5fa553063026a50775d54bd946cbd6f64a,1
0x2d32ce090f440e29435e029a9a6427270cc72929,1
0x55ed43703a31ab8688af2f34db3bddc27707ea56,1
0x31baab27e59f691b1ccccfa500291d6e0b080226,1
0x5768e1af19ac6c971cbaf771c5f2e8e1406bb570,1
0xfa976dd29c52d956e20302fdb1de5db05f800410,1
0xff90b1535c0047c330444d2aebe2d3e7481940e6,1
0x9b914d8aa8240535eefec4075d4c4d6d5ebb2255,1
0x3a89957a10891b1d9fc343982672b8884adb5a77,3
0x3645dc6fd759c94dd420ba25e75fbbd4123242d6,1
0xe536b67f25ffd7749d394ba5a777326c61053366,1
0x90db61232fd019a7083876f3d0a649799135f8f6,5
0x17457f67528b2479ae059ed47937cc3f1a8c8add,1
0xbbdb427490a44b05058186525c91324294dc474e,1
0x13621fc0dbd55993246e6810171944effd1193a6,1
0xc4aad7ed805d6b1a2e00ea185b449b762731dfd8,2
0xf916719c7251e109cf3d1a977b6cad198b630c32,1
0xc2dec663ebc383f535fc2e4d6f6a97596ed0e6bb,1
0x97f8b900de071394578ab0d84d5fb6ce5d8e200a,1
0x7e34a5778351047f5fd6a9bb15bcf87e5e219ec9,1
0x76aefa4c2aa4fd0070123c0c7744f35dc45a8bfa,1
0x7cfbbb2d6082264cf93a066b8e12dde6d6ddcbb7,1
0x184d90b01b21e7c28c52fe10bbeec561a27798ed,1
0xaf5753510feeb2d83333d09a91fe324d4bf7e880,1
0xe25d87abb72f2827156078ee4b8f012218479a9b,1
0x0f93e117939adcfee715843c31e5da2a657d2f94,1
0xd8ae62a999ad0bd71d51fc4fe5d80de95503b7b1,1
0xfdf7b2309f9e542d9e8e3ed2304865ba01b2fd18,1
0x102f4866197c06171e7480f34683fb58eb535035,1
0x19703d8421be64808d0aa9d3b399e41033480fad,2
0x8d40351919e67cd8b6f19f4e8c1ffbef151db57b,1
0x0e3778da9353a7a94c712340fa27f5f642cf3e3c,1
0x121b1cc878a4747eae526852e2de96ad0b1cdad9,1
0xbe1df9df4bb03a36fdd533b4e4a3c7c7d02db86c,1
0x97772f24a6f46f325f10293e49aeea831da7ad54,1
0xf7c883f4908623a03ff0176a6d3efa3b78ad94dd,1
0x01b11240728173178c3bb8b09075059a5ea4a2b2,2
0x07b9160558371c100ca0c895dadf2356dee9770e,1
0x838fb079aaa86e65e466193cd0dd14b3eaaa3984,1
0xf6c37483f8abdbf020602c6544f1806542bf193d,1
0xfddaf7523755940e4dd7ce4a4e1ac666f9ab7ad7,5
0x08c9e10c39d21a98722bad2b2b03a3c78524754b,3
0x1f92e818118e746b5ba1daa8fac214a75888718f,1
0xe41d847544d17b316242ed7624d0a4bd06180004,1
0x7bc9df48b4dd05eeca817b96cab3f9a7b79c8536,1
0x83ba5345702c9b48976e2b473c027e1c2ee0df8b,2
0xce0e7e07fbc43d49713d04c6df6ddd4b4cfdc3f6,2
0xf8dd5e3c87bb6d92f7a00467471f69135fc16881,1
0x3dee279b8e9e56ddead4a6e32aa868957a260d56,1
0xafada159c0082e6242b8238b078d97fd2bdee180,1
0x5736f2840e00c29d25dd9e9ab7022cd9a9beda5c,1
0xf17a149066d92320066382ed88326ee37c684f7d,1
0x28c0095fd01e784fb034a566b11000ee2095ef64,1
0x9af49b67575438d5ca6977f48683859d3a2256f1,1
0x4b51780d44ae5d1c3ec99d9eef78b84a7a67263b,1
0xd3a024d9602eb671e1bf61a1af33df7908836736,1
0x47b6ee319a63fcecf97023bd6f9a8ed71445527f,1
0xf552426a6405e94b0a0329c601179df289e45edd,1
0x5f50aac32e4849cf82724c06e54ce5ec6df3ebab,1
0xef60afdbf99675c23ab9e349fcf866316f908df3,1
0xa48b02f22dcf5e7635c85a66d636aa786a7e57af,1
0x62d41854cb01169b85b5ea82b9a7b565ea64caab,1
0xc81c7cc5ab8906986fe6c7587c059e63f69c3876,1
0x35b4ee2b922740bd39a0878973e4d9ea26e98cdd,1
0xf6624de1db6fbaa86850d954869597830678a512,1
0xfb8578ba5ba33c0aadafe1b0454fab15417ee74a,1
0xbcd7d3776f19e7b9c73077eba7b568eb7f66d52f,1
0x777bbac6d373f0f66cc2e097b767bf60383d1834,1
0x4a565931baffa6306dbb7a5abc7a16b29fb88611,1
0x36c446c3f8ef97376fef42221bf36580ea11f3f1,1
0x7c950fde7dd26fe40896d93b8fb7532b8ce5c45d,1
0xce4da22f8aa8af326d4fd5116a205f42c702e38b,1
0x4d93ba0a9ab32fc480b7b186b6288e2e29b3b289,1
0xb2389b3ac580b36ef5e0eb16b3bfeaa1d9284dd7,1
0x39af07c05b0289e93b89dcf9f1a54b753825ba4b,1
0x4ea111a8ca86c17aa34a016f78f294c55593c307,1
0xd9ec7619aad21da41e30c70e9264fff21628afac,1
0xcde960e12d87521395a6ef671ac6d4a935905dc7,5
0xe6597d34eeff5fd3d830093c7f87e08ccbe9c71c,1
0x8bf4206a87f2c9ecab55ac6a47bf3abc2afba89a,1
0x86c4ca02bafc9f9549549871f3ebdd14efb32495,1
0x613d856e09c04e8d0fa92a582cf63850ee977bc0,1
0x090dd178d95fbbdab0835f7d270bf58d2d39b0dc,1
0x9a085159b888613f54786d9784a7db1263d7377b,1
0xaf6aef8a20a7115f479211ee0e3013126e6e8975,1
0x71482bdf607431c3545df1de7301b52e0ba8c557,1
0xece772fe6bb5e9869c12ecfa94f5a6b463ee6cd7,1
0xe38b8a5089aa426b5323776ee2af4571cdb1ff1a,1
0x3b368ed1de5b6a704f031d4b1ca791ab51036b5e,1
0x553817f8db9686b3f6f69eb65131163cb3fcf6d8,1
0x9c9178365cf509ff25793d9569a9a7050a623880,1
0x11c1c94b292a52c52d7b525c4e66161d4130d75f,1
0x23bbe3a183e98e9f91bea0c31b3af1ec2286ebfc,1
0xed37ff7111e0a81c1c90035eb3f7f53d4efbbc9c,1
0x1b121272d20bf2b763d88223978a7aca83441ef7,1
0xf8f51e820656c97ecad07ca6414a10bbc5dae6fb,1
0x765d53c0226b2bab8048c06b5b9bc890af3291c1,1
0x4d873c95b2a27048ca2cc1a6991eb849d0922586,1
0xa2b0a05c204fc964380971e393b56fba030aa9ca,1
0x30645702ad40aed852801a2c403b9c8a3066e03a,1
0x2a970c8bf994f6aece1cff612f076fc7ad1816a5,1
0xc4b1ae960ae34b817faaa5dd1bfd5696b08697c0,1
0xc45b680960700862e1960249fc2cf6a62d94c525,1
0x0b64b67b5c99104481f0dab4c8a49505ad653970,1
0x9cd089abee1f8bad1b63d3d0b89fb9c2ecc3730d,1
0x72deeaf1f537c48250f710b7ba66a65b9f0b237c,1
0x44c416ed83773d0b9bf378da0e0aa2f88a786c37,1
0xf245bcc189554bb9fd4aeacde48f39e35fec2e03,1
0xde71843ea9f88b5d9b0476358575e7f34e379cea,1
0x293fa30a235f19dde8f33e3f683ed31f3976602e,1
0xd31d930ebaca035ea1be9513c7d989882f19353f,1
0x22312a2064b4a819ee8689833a3f193dbb8ead2f,1
0xd1af7d3751453374e1c068d3a3fac44a0ff24c38,1
0x30eb4c1a534351662c1ae273b8986862b60fa079,1
0x63f5eb10184802763de846cf1264dfda36f77fb7,1
0xd2695403d5eb5bc5ee57eb9b191a74403faeb5ad,1
0x7aed803b1a5faf381b1252a19791682790f5a129,1
0x6f1f6c62a7c8d7d01c92121d16b0ed13e65ea0bf,1
0xd877c74a861c6935215f429cfbd6e985b0d10c27,1
0x841f62ecd5cca58bd9d7952245d228029b6f2716,1
0xd2cb06908af23f34a8a5afd43c1689eea7ca493a,1
0x424783b6d6245b0c859610ecd61e7a5d9d681ab2,1
0x47ed51ade12968c78540e54c0ceb012c30dfbfe7,1
0xf1c56aa106c42072310b696fe31d7a4458a93b68,1
0x75671888fd4090fbe05bd130ab8999e72e21b7c0,1
0x281f4f47b7c590c60dee3565bf27f644371313d6,1
0xed6d1da67d18df09f42c50e2c4e86370f58a8d20,1
0xfeb59b6e083c42e83df7e4214988418bfbce1041,1
0x3f790ae6aae74c4d2b8e3a7863251f19da8add8e,1
0xc645ecebd99f58a85bdb466910622bfb850b789e,1
0xbe3b233f424cceee8f3e2f16f1201d44623efdf0,1
0xa128b9f8cc62e02051f77b95fe071c7e32339669,1
0xac2025e59e805beff9953131db127cd830055e11,1
0x6c1d36f6db7714ed6cbaa0207ef36481cd8dc601,1
0xd1fdbf046f8cde35f8c7907882602c4dc78fec19,1
0x372e5900072a02a3ca8be178c3c3dac0f6405238,1
0x483083d8600a131184365979a7d62e2dfe761238,1
0x67ed082d1c3798343f5c693e1ee9413e3961cb4b,2
0xf418537a4ef09847ceb3580eb3d488878862bb6c,1
0xa660c1041e96b839ff982e57d84cc6124e233e18,1
0xc6d316e2bffc112e868f02ee8dd8dce7a578145b,1
0xe44cce63a54b6299b39a1e4f42cd6da9800c9293,1
0x2a693ccbda744faf14ecb7c28bd811927bea61a7,1
0xda1de93ebd85529e20596fa28213858831e0ba3e,1
0xf97f4e6b2276c30c7327b25d800a9702653e9395,1
0xfeebb7251827a89143049d400573f71f54676adf,1
0x5d5ba97a4538e07398118dd440d14394df3a59c6,1
0x6eb43ccad89bf3aa7fc28a1a1dc62533efe14cef,2
0x6fd6bdfe54962e9b7e79001923d297971c9067ae,1
0x25ed884229ca413a6c416be1d0440d1a28b7e714,2
0x8fcf988387a0b1270318ee551d03af8d89e2a3c0,1
0xc88ae86c0b17697d109709ad29b9a76b59e19591,1
0xb8cb5bbf2ddd552145336436b2a0fd490abf88ca,1
0xbe1ce788a273450478aca3af0781d82100892d0b,1
0xbeac1b73d9341adaa44dc74ed35b7f9955bfdd17,1
0xeaf8e3fb5803acb53b6e02d52b927586958d0091,2
0x17553ae6ee2c014f340bd89cf120572a5aba4fb2,2
0xafefc5b2d5b0ac9639a7395056d17e5e6816335c,1
0x902d2b50ad741c92e96e74c082733dda737b9859,2
0x1da463a6fcb5f29fd9a34090a54596cb93ff9be3,1
0x859413fbb1192619d1e31742f532a03babdc0fd8,1
0xa51d7f5908bab8a401fc342f3fff007cb3eeef76,1
0x50e15b5b3041c86afdf645e9d3cde2d08e86c418,2
0x2dec55316ea21cdd03789aa76b6950b209d8f9ca,1
0x552f64ef8e800ea52771330a77181c784d8bff5e,1
0xade9a79b88fb5a8d4c8c5de2efca06187e92565a,1
0x5e15f0551fc38e05c75570fd936bbe3fe34429ef,2
0x9ce03db83729d684264278d3d0e4bd0bf7dfa355,1
0xbcc912b8cb6b686ac5251fc59734ed65343f0fd0,1
0x01076c07ade77e80c45a9ab7819dc4332c3ebf87,1
0x7b55d7946bcd0a6156ef80641a81c44d0f13ed23,1
0xda007a8dfb10cf1855a6b054b5ad515914a5adc4,1
0xfc5477043201900e033f3e8665ed5644ee16e15c,1
0xdef7828aba23a6b4b5bb7546b24909a3557a8ea7,1
0x11008e205b8d785e27f00c0e6ef46afb1c41e046,1
0x0dbf8406b7bd1bbbd97b78ab5aaba9102c98b731,1
0xb36f7b24051e0ba01585f07c9a8d7e8ebf614f65,1
0xfbd346033c633487050ea7a0b6bf6dab27aca481,1
0x895ea8a7fe1c74093cbbcc4b84d911281d0e2744,1
0x7a6daae2255491c56d82c44e522cbac4b601985f,1
0x7679a38305b11f34404f3008bfaa1181f04ca1e9,1
0x3592223ca768bc9d097500c2634d6aac3cac4520,1
0x0b88c0e3edd2859419627337c12821fd09a0f88d,1
0x2e1cb480eae93ea683ff50d96da1b0a60e4e461d,1
0x2920ef029dcabfe24e0f513f91ff27d86a2ce67e,1
0x638052d973ce64454ff21e8edf7b2b955788f79a,1
0xeb8e070815799234d35f996fb157f0d3ffd794f5,1
0xe33cd772fd8f1da275dd94afe2238e73d01623c9,1
0xb4a58208a819bd6a4f102180a7d6eea6b8422d32,1
0x686ca369e73f40ce9b17b1a47dc82e6b6d4aaf1d,1
0x6b236bda8cfbb7186958db7e5f1399ad413938d0,1
0x3ba53cea97bfff5a303ffc66dc4f390383bcd62e,1
0x1b18c0f62069beafa9f53bc73acc14e9cf969fb2,1
0x9b7176780f34df6ea60b4b4337f2333f27c43401,1
0xeabce3a39ae018021b17cf7ba1b454ed1bd52c94,2
0x080503febc154ef916454ee9b93f5d56f16e12b1,1
0x682955ac3cc48433060e40200e214bdca6b40dd4,1
0x757707833a4f3589e64eff93ee296739e231fa6b,1
0x7faf28d3cd65147c9317a068358bbf2734fa4774,1
0xc5e7839bfc823426a750443018585a0073d78d1e,1
0x0b66b88240900d44ca11fa61a6be75a6d3f37b1d,1
0xa65300ebc26afbcd9b0162b8d55d8767b470efd1,1
0xcafb1238568de759553b6d3db98b9f97a58e9859,1
0xcc84ac4ec790f2d3288f31af78beb42f539090f2,1
0x32897a9183420b0e1e53744ae81d8fbb7dc8778d,1
0x8ecdff1db81a3877fead2e8ddd432836310541da,1
0x5caafd1ff539d4e58a4b6c8e79387508504230f2,1
0x907d66dc4e51d5577ff714f2d77f2b1dc4f08969,1
0x5007e9a14ed10e7f67ad08f0a224d388130e2e12,1
0xfd1dccd9c41f152c1371da29ec8125ca0e815cba,4
0xd5f57cd2c0766b37ae389206b0bec01b163779af,1
0x4c28bb19bdb87108015869707ccb4748df538c2f,1
0x4965abeeaca5495d322695d0d024b0ba68b52f42,1
0x30930551e61431229a35e2f15c91c63549764077,1
0x8884efb80942936f4ce23d449f23db412ca94d34,1
0xb32a3d04be4ee2925b51352baad108634d2dc6a1,1
0xd686b272cb509c774b4dbd27e4db2453433db6a5,1
0x1ca3a5ab5b8ad3c70e8ec5f8c6d16425bf9ae033,1
0x1ac4eeb71cd0cb43b89b11ec8fa73edc18c9c7fe,1
0x1824db66ae6d644f0be2aec44eb0638b76e9a6a7,1
0x5528697cbf1ce4b8ac054a30057f848b1d2ea5f6,1
0x89680b500f25060808d624e56bc9e7b98f0f3ae4,1
0xe6241ed469d7bebfe3393060236c2650a854f37c,1
0xca8bb1832549bd36d0ed0d2d752fd6fe30e8d258,1
0x981512aa1b834344a3624376bc99e978739ab9d9,1
0xf5709960b71b89cc7f651d02101c6acd9eb32bd9,1
0x82a7e02b745c24ba513b691d62487b21a0778e38,1
0x925ba2628ada8bb1fb537797783dae2bf76658b9,1
0x3bcf29061c89195419e4038bf4080ac6f24f4c3e,1
0xcc6a3a8b9da93181d833818adad7af851acd7e6d,1
0x9915971667778cc0d4a829716341b90afba74a75,1
0x59602fee985d1682d5d667d233b930d15a3f92c2,1
0x371267a1863080c5f39229183350e0d87d39743e,1
0xb35c82cdb57b7ae429c37fd65c9f6603265a242a,1
0x5d5332dca7266849cf6a116d42633e3e75934cf6,1
0x7efa953a499055bfe0018917cad47900d08f0f42,1
0xaf14020d77e37634dc32d42006fb88c891ec63cc,1
0xdb41be17eb03b08fbe2fa4402a135f52b84b84b9,1
0xe48ab528f2b51fa68e22d57069cffafcd4aa2b6c,1
0xd88709ab5e70736de88d0af5bbd0b4aa913cd16e,1
0xa9893a3191c8c9041fbeed8f7c7268838c1e6049,1
0xa6fd18c1a61390ba32036c3e934ed39d5de1880f,1
0x326394dfb857116011bb4f9449e672f7990e488b,1
0x0a481cf063164c32bf7e9a14229f3d9ccf94178a,1
0x08bef88b6f42d8ba5f71d984e737b16ffe66ae4b,1